Region,Nationality,Year,Number,,
ASEAN,Brunei,2017,"18,249",,
ASEAN,Cambodia,2017,"851,879",,
ASEAN,Indonesia,2017,"594,060",,
ASEAN,Laos,2017,"1,692,866",,
ASEAN,Malaysia,2017,"3,493,112",,
ASEAN,Myanmar,2017,"387,722",,
ASEAN,Philippines,2017,"361,218",,
ASEAN,Singapore,2017,"1,259,523",,
ASEAN,Vietnam,2017,"985,695",,
East Asia,China,2017,"9,846,818",,
East Asia,Hong Kong,2017,"798,460",,
East Asia,Japan,2017,"1,525,707",,
East Asia,North Korea,2017,,,
East Asia,South Korea,2017,"1,698,608",,
East Asia,Macao,2017,,,
East Asia,Mongolia,2017,,,
East Asia,Taiwan,2017,"560,441",,
East Asia,Other East Asia,2017,"91,918",,
South Asia,Bangladesh,2017,"125,580",,
South Asia,Bhutan,2017,,,
South Asia,India,2017,"1,281,681",,
South Asia,Iran,2017,,,
South Asia,Maldives,2017,,,
South Asia,Nepal,2017,"43,782",,
South Asia,Pakistan,2017,"76,784",,
South Asia,Sri  Lanka,2017,"63,386",,
South Asia,Other South Asia,2017,"48,315",,
Asia,Other in Asia,2017,,,
Oceania,Australia,2017,"837,485",,
Oceania,New  Zealand,2017,"102,328",,
Oceania,Other Oceania,2017,"7,964",,
Middle East,Bahrain,2017,,,
Middle East,Egypt,2017,"19,730",,
Middle East,Iraq,2017,,,
Middle East,Jordan,2017,,,
Middle East,Kuwait,2017,"80,895",,
Middle East,Lebanon,2017,,,
Middle East,Oman,2017,,,
Middle East,Qatar,2017,,,
Middle East,Saudi  Arabia,2017,"42,610",,
Middle East,U.A.E.,2017,"199,475",,
Middle East,Yemen,2017,,,
Middle East,Other Middle East,2017,"357,518",,
North Europe,Denmark,2017,"157,923",,
North Europe,Finland,2017,"138,926",,
North Europe,Iceland,2017,,,
North Europe,Ireland,2017,,,
North Europe,Norway,2017,"130,200",,
North Europe,Sweden,2017,"317,797",,
North Europe,United  Kingdom,2017,"945,061",,
West Europe,Austria,2017,"104,220",,
West Europe,Belgium,2017,"112,635",,
West Europe,France,2017,"693,426",,
West Europe,Germany,2017,"837,318",,
West Europe,Luxembourg,2017,,,
West Europe,Netherlands,2017,"215,433",,
West Europe,Switzerland,2017,"227,152",,
Central/East Europe,Belarus,2017,,,
Central/East Europe,Bulgaria,2017,,,
Central/East Europe,Czech Republic,2017,,,
Central/East Europe,Estonia,2017,,,
Central/East Europe,Hungary,2017,,,
Central/East Europe,Kazakhstan,2017,,,
Central/East Europe,Kyrgyzstan,2017,,,
Central/East Europe,Latvia,2017,,,
Central/East Europe,Lithuania,2017,,,
Central/East Europe,Poland,2017,,,
Central/East Europe,Romania,2017,,,
Central/East Europe,Russia,2017,"1,340,376",,
Central/East Europe,Slovakia,2017,,,
Central/East Europe,Ukraine,2017,,,
Central/East Europe,Uzbekistan,2017,,,
South/Medit Europe,Croatia,2017,,,
South/Medit Europe,Cyprus,2017,,,
South/Medit Europe,Greece,2017,,,
Middle East,Israel,2017,"174,815",,
South/Medit Europe,Italy,2017,"244,982",,
South/Medit Europe,Portugal,2017,,,
South/Medit Europe,Serbia,2017,,,
South/Medit Europe,Slovenia,2017,,,
South/Medit Europe,Spain,2017,"178,954",,
South/Medit Europe,Turkey,2017,,,
Europe,East  Europe,2017,"445,521",,
Europe,Other Europe,2017,"232,242",,
America,Canada,2017,"227,069",,
America,Mexico,2017,,,
America,USA,2017,"1,006,939",,
America,Argentina,2017,"62,738",,
America,Brazil,2017,"71,349",,
America,Chile,2017,,,
America,Colombia,2017,,,
America,Peru,2017,,,
America,Uruguay,2017,,,
America,Other America,2017,"80,799",,
Africa,Morocco,2017,,,
Africa,South Africa,2017,"91,182",,
Africa,Ethiopia,2017,,,
Africa,Kenya,2017,,,
Africa,Mauritius,2017,,,
Africa,Other Afirca,2017,"101,112",,
ASEAN,Brunei,2018,"18,460",,
ASEAN,Cambodia,2018,"950,980",,
ASEAN,Indonesia,2018,"644,479",,
ASEAN,Laos,2018,"1,682,304",,
ASEAN,Malaysia,2018,"4,042,998",,
ASEAN,Myanmar,2018,"379,880",,
ASEAN,Philippines,2018,"407,832",,
ASEAN,Singapore,2018,"1,168,112",,
ASEAN,Vietnam,2018,"1,053,723",,
East Asia,China,2018,"10,625,167",,
East Asia,Hong Kong,2018,"1,047,559",,
East Asia,Japan,2018,"1,642,712",,
East Asia,North Korea,2018,,,
East Asia,South Korea,2018,"1,785,147",,
East Asia,Macao,2018,,,
East Asia,Mongolia,2018,,,
East Asia,Taiwan,2018,"674,172",,
East Asia,Other East Asia,2018,"101,921",,
South Asia,Bangladesh,2018,"125,809",,
South Asia,Bhutan,2018,,,
South Asia,India,2018,"1,562,878",,
South Asia,Iran,2018,,,
South Asia,Maldives,2018,,,
South Asia,Nepal,2018,"55,482",,
South Asia,Pakistan,2018,"78,256",,
South Asia,Sri  Lanka,2018,"62,697",,
South Asia,Other South Asia,2018,"50,761",,
Asia,Other in Asia,2018,,,
Oceania,Australia,2018,"802,234",,
Oceania,New  Zealand,2018,"100,887",,
Oceania,Other Oceania,2018,"7,917",,
Middle East,Bahrain,2018,,,
Middle East,Egypt,2018,"18,161",,
Middle East,Iraq,2018,,,
Middle East,Jordan,2018,,,
Middle East,Kuwait,2018,"77,365",,
Middle East,Lebanon,2018,,,
Middle East,Oman,2018,,,
Middle East,Qatar,2018,,,
Middle East,Saudi  Arabia,2018,"35,090",,
Middle East,U.A.E.,2018,"151,137",,
Middle East,Yemen,2018,,,
Middle East,Other Middle East,2018,"300,677",,
North Europe,Denmark,2018,"170,044",,
North Europe,Finland,2018,"135,384",,
North Europe,Iceland,2018,,,
North Europe,Ireland,2018,,,
North Europe,Norway,2018,"133,020",,
North Europe,Sweden,2018,"304,206",,
North Europe,United  Kingdom,2018,"954,404",,
West Europe,Austria,2018,"114,768",,
West Europe,Belgium,2018,"116,346",,
West Europe,France,2018,"724,350",,
West Europe,Germany,2018,"872,185",,
West Europe,Luxembourg,2018,,,
West Europe,Netherlands,2018,"226,618",,
West Europe,Switzerland,2018,"225,985",,
Central/East Europe,Belarus,2018,,,
Central/East Europe,Bulgaria,2018,,,
Central/East Europe,Czech Republic,2018,,,
Central/East Europe,Estonia,2018,,,
Central/East Europe,Hungary,2018,,,
Central/East Europe,Kazakhstan,2018,,,
Central/East Europe,Kyrgyzstan,2018,,,
Central/East Europe,Latvia,2018,,,
Central/East Europe,Lithuania,2018,,,
Central/East Europe,Poland,2018,,,
Central/East Europe,Romania,2018,,,
Central/East Europe,Russia,2018,"1,466,457",,
Central/East Europe,Slovakia,2018,,,
Central/East Europe,Ukraine,2018,,,
Central/East Europe,Uzbekistan,2018,,,
South/Medit Europe,Croatia,2018,,,
South/Medit Europe,Cyprus,2018,,,
South/Medit Europe,Greece,2018,,,
Middle East,Israel,2018,"185,366",,
South/Medit Europe,Italy,2018,"263,515",,
South/Medit Europe,Portugal,2018,,,
South/Medit Europe,Serbia,2018,,,
South/Medit Europe,Slovenia,2018,,,
South/Medit Europe,Spain,2018,"176,597",,
South/Medit Europe,Turkey,2018,,,
Europe,East  Europe,2018,"487,669",,
Europe,Other Europe,2018,"232,147",,
America,Canada,2018,"252,763",,
America,Mexico,2018,,,
America,USA,2018,"1,096,177",,
America,Argentina,2018,"43,485",,
America,Brazil,2018,"57,105",,
America,Chile,2018,,,
America,Colombia,2018,,,
America,Peru,2018,,,
America,Uruguay,2018,,,
America,Other America,2018,"84,478",,
Africa,Morocco,2018,,,
Africa,South Africa,2018,"97,071",,
Africa,Ethiopia,2018,,,
Africa,Kenya,2018,,,
Africa,Mauritius,2018,,,
Africa,Other Afirca,2018,"103,257",,
ASEAN,Brunei,2019,"19,858",,
ASEAN,Cambodia,2019,"925,437",,
ASEAN,Indonesia,2019,"706,908",,
ASEAN,Laos,2019,"1,856,762",,
ASEAN,Malaysia,2019,"4,274,458",,
ASEAN,Myanmar,2019,"389,301",,
ASEAN,Philippines,2019,"473,565",,
ASEAN,Singapore,2019,"1,150,024",,
ASEAN,Vietnam,2019,"1,080,609",,
East Asia,China,2019,"11,138,658",,
East Asia,Hong Kong,2019,"1,090,121",,
East Asia,Japan,2019,"1,787,185",,
East Asia,North Korea,2019,,,
East Asia,South Korea,2019,"1,880,465",,
East Asia,Macao,2019,,,
East Asia,Mongolia,2019,,,
East Asia,Taiwan,2019,"781,674",,
East Asia,Other East Asia,2019,"114,938",,
South Asia,Bangladesh,2019,"139,622",,
South Asia,Bhutan,2019,,,
South Asia,India,2019,"1,961,069",,
South Asia,Iran,2019,,,
South Asia,Maldives,2019,,,
South Asia,Nepal,2019,"60,428",,
South Asia,Pakistan,2019,"71,917",,
South Asia,Sri  Lanka,2019,"70,247",,
South Asia,Other South Asia,2019,"53,694",,
Asia,Other in Asia,2019,,,
Oceania,Australia,2019,"771,798",,
Oceania,New  Zealand,2019,"93,740",,
Oceania,Other Oceania,2019,"8,616",,
Middle East,Bahrain,2019,,,
Middle East,Egypt,2019,"19,010",,
Middle East,Iraq,2019,,,
Middle East,Jordan,2019,,,
Middle East,Kuwait,2019,"84,504",,
Middle East,Lebanon,2019,,,
Middle East,Oman,2019,,,
Middle East,Qatar,2019,,,
Middle East,Saudi  Arabia,2019,"36,783",,
Middle East,U.A.E.,2019,"145,530",,
Middle East,Yemen,2019,,,
Middle East,Other Middle East,2019,"247,410",,
North Europe,Denmark,2019,"159,526",,
North Europe,Finland,2019,"125,490",,
North Europe,Iceland,2019,,,
North Europe,Ireland,2019,,,
North Europe,Norway,2019,"130,509",,
North Europe,Sweden,2019,"279,451",,
North Europe,United  Kingdom,2019,"946,774",,
West Europe,Austria,2019,"110,690",,
West Europe,Belgium,2019,"114,016",,
West Europe,France,2019,"713,405",,
West Europe,Germany,2019,"836,926",,
West Europe,Luxembourg,2019,,,
West Europe,Netherlands,2019,"230,006",,
West Europe,Switzerland,2019,"206,087",,
Central/East Europe,Belarus,2019,,,
Central/East Europe,Bulgaria,2019,,,
Central/East Europe,Czech Republic,2019,,,
Central/East Europe,Estonia,2019,,,
Central/East Europe,Hungary,2019,,,
Central/East Europe,Kazakhstan,2019,,,
Central/East Europe,Kyrgyzstan,2019,,,
Central/East Europe,Latvia,2019,,,
Central/East Europe,Lithuania,2019,,,
Central/East Europe,Poland,2019,,,
Central/East Europe,Romania,2019,,,
Central/East Europe,Russia,2019,"1,481,837",,
Central/East Europe,Slovakia,2019,,,
Central/East Europe,Ukraine,2019,,,
Central/East Europe,Uzbekistan,2019,,,
South/Medit Europe,Croatia,2019,,,
South/Medit Europe,Cyprus,2019,,,
South/Medit Europe,Greece,2019,,,
Middle East,Israel,2019,"194,081",,
South/Medit Europe,Italy,2019,"250,870",,
South/Medit Europe,Portugal,2019,,,
South/Medit Europe,Serbia,2019,,,
South/Medit Europe,Slovenia,2019,,,
South/Medit Europe,Spain,2019,"186,969",,
South/Medit Europe,Turkey,2019,,,
Europe,East  Europe,2019,"532,911",,
Europe,Other Europe,2019,"225,753",,
America,Canada,2019,"252,574",,
America,Mexico,2019,,,
America,USA,2019,"1,136,210",,
America,Argentina,2019,"28,183",,
America,Brazil,2019,"58,970",,
America,Chile,2019,,,
America,Colombia,2019,,,
America,Peru,2019,,,
America,Uruguay,2019,,,
America,Other America,2019,"83,863",,
Africa,Morocco,2019,,,
Africa,South Africa,2019,"89,750",,
Africa,Ethiopia,2019,,,
Africa,Kenya,2019,,,
Africa,Mauritius,2019,,,
Africa,Other Afirca,2019,"107,069",,
ASEAN,Brunei,2020,"2,444",,
ASEAN,Cambodia,2020,"164,270",,
ASEAN,Indonesia,2020,"96,993",,
ASEAN,Laos,2020,"382,246",,
ASEAN,Malaysia,2020,"612,922",,
ASEAN,Myanmar,2020,"54,941",,
ASEAN,Philippines,2020,"68,359",,
ASEAN,Singapore,2020,"132,511",,
ASEAN,Vietnam,2020,"131,308",,
East Asia,China,2020,"1,302,137",,
East Asia,Hong Kong,2020,"131,988",,
East Asia,Japan,2020,"314,044",,
East Asia,North Korea,2020,,,
East Asia,South Korea,2020,"262,313",,
East Asia,Macao,2020,,,
East Asia,Mongolia,2020,,,
East Asia,Taiwan,2020,"114,275",,
East Asia,Other East Asia,2020,"15,299",,
South Asia,Bangladesh,2020,"22,913",,
South Asia,Bhutan,2020,,,
South Asia,India,2020,"265,223",,
South Asia,Iran,2020,,,
South Asia,Maldives,2020,,,
South Asia,Nepal,2020,"10,396",,
South Asia,Pakistan,2020,"11,519",,
South Asia,Sri  Lanka,2020,"8,375",,
South Asia,Other South Asia,2020,"8,462",,
Asia,Other in Asia,2020,,,
Oceania,Australia,2020,"123,743",,
Oceania,New  Zealand,2020,"13,773",,
Oceania,Other Oceania,2020,"1,458",,
Middle East,Bahrain,2020,,,
Middle East,Egypt,2020,"3,084",,
Middle East,Iraq,2020,,,
Middle East,Jordan,2020,,,
Middle East,Kuwait,2020,"11,149",,
Middle East,Lebanon,2020,,,
Middle East,Oman,2020,,,
Middle East,Qatar,2020,,,
Middle East,Saudi  Arabia,2020,"6,372",,
Middle East,U.A.E.,2020,"9,550",,
Middle East,Yemen,2020,,,
Middle East,Other Middle East,2020,"25,507",,
North Europe,Denmark,2020,"62,962",,
North Europe,Finland,2020,"57,927",,
North Europe,Iceland,2020,,,
North Europe,Ireland,2020,,,
North Europe,Norway,2020,"39,082",,
North Europe,Sweden,2020,"108,921",,
North Europe,United  Kingdom,2020,"215,861",,
West Europe,Austria,2020,"34,599",,
West Europe,Belgium,2020,"25,872",,
West Europe,France,2020,"231,614",,
West Europe,Germany,2020,"231,260",,
West Europe,Luxembourg,2020,,,
West Europe,Netherlands,2020,"50,441",,
West Europe,Switzerland,2020,"54,006",,
Central/East Europe,Belarus,2020,,,
Central/East Europe,Bulgaria,2020,,,
Central/East Europe,Czech Republic,2020,,,
Central/East Europe,Estonia,2020,,,
Central/East Europe,Hungary,2020,,,
Central/East Europe,Kazakhstan,2020,,,
Central/East Europe,Kyrgyzstan,2020,,,
Central/East Europe,Latvia,2020,,,
Central/East Europe,Lithuania,2020,,,
Central/East Europe,Poland,2020,,,
Central/East Europe,Romania,2020,,,
Central/East Europe,Russia,2020,"586,381",,
Central/East Europe,Slovakia,2020,,,
Central/East Europe,Ukraine,2020,,,
Central/East Europe,Uzbekistan,2020,,,
South/Medit Europe,Croatia,2020,,,
South/Medit Europe,Cyprus,2020,,,
South/Medit Europe,Greece,2020,,,
Middle East,Israel,2020,"29,568",,
South/Medit Europe,Italy,2020,"58,327",,
South/Medit Europe,Portugal,2020,,,
South/Medit Europe,Serbia,2020,,,
South/Medit Europe,Slovenia,2020,,,
South/Medit Europe,Spain,2020,"26,499",,
South/Medit Europe,Turkey,2020,,,
Europe,East  Europe,2020,"211,106",,
Europe,Other Europe,2020,"56,880",,
America,Canada,2020,"55,984",,
America,Mexico,2020,,,
America,USA,2020,"208,608",,
America,Argentina,2020,"12,461",,
America,Brazil,2020,"18,200",,
America,Chile,2020,,,
America,Colombia,2020,,,
America,Peru,2020,,,
America,Uruguay,2020,,,
America,Other America,2020,"15,997",,
Africa,Morocco,2020,,,
Africa,South Africa,2020,"9,692",,
Africa,Ethiopia,2020,,,
Africa,Kenya,2020,,,
Africa,Mauritius,2020,,,
Africa,Other Afirca,2020,"15,371",,
ASEAN,Brunei,2021,48,,
ASEAN,Cambodia,2021,"5,535",,
ASEAN,Indonesia,2021,"3,702",,
ASEAN,Laos,2021,"1,016",,
ASEAN,Malaysia,2021,"6,988",,
ASEAN,Myanmar,2021,"9,110",,
ASEAN,Philippines,2021,"2,859",,
ASEAN,Singapore,2021,"7,268",,
ASEAN,Vietnam,2021,"2,123",,
East Asia,China,2021,"26,558",,
East Asia,Hong Kong,2021,"2,365",,
East Asia,Japan,2021,"24,382",,
East Asia,North Korea,2021,,,
East Asia,South Korea,2021,"14,800",,
East Asia,Macao,2021,,,
East Asia,Mongolia,2021,,,
East Asia,Taiwan,2021,"3,819",,
East Asia,Other East Asia,2021,"2,628",,
South Asia,Bangladesh,2021,"2,202",,
South Asia,Bhutan,2021,,,
South Asia,India,2021,"10,864",,
South Asia,Iran,2021,,,
South Asia,Maldives,2021,,,
South Asia,Nepal,2021,740,,
South Asia,Pakistan,2021,"1,715",,
South Asia,Sri  Lanka,2021,825,,
South Asia,Other South Asia,2021,"2,078",,
Asia,Other in Asia,2021,,,
Oceania,Australia,2021,"10,920",,
Oceania,New  Zealand,2021,"1,160",,
Oceania,Other Oceania,2021,353,,
Middle East,Bahrain,2021,,,
Middle East,Egypt,2021,595,,
Middle East,Iraq,2021,,,
Middle East,Jordan,2021,,,
Middle East,Kuwait,2021,"3,757",,
Middle East,Lebanon,2021,,,
Middle East,Oman,2021,,,
Middle East,Qatar,2021,,,
Middle East,Saudi  Arabia,2021,569,,
Middle East,U.A.E.,2021,"4,188",,
Middle East,Yemen,2021,,,
Middle East,Other Middle East,2021,"7,666",,
North Europe,Denmark,2021,"9,279",,
North Europe,Finland,2021,"6,571",,
North Europe,Iceland,2021,,,
North Europe,Ireland,2021,,,
North Europe,Norway,2021,"6,565",,
North Europe,Sweden,2021,"18,574",,
North Europe,United  Kingdom,2021,"42,853",,
West Europe,Austria,2021,"6,307",,
West Europe,Belgium,2021,"6,217",,
West Europe,France,2021,"27,135",,
West Europe,Germany,2021,"50,589",,
West Europe,Luxembourg,2021,,,
West Europe,Netherlands,2021,"9,924",,
West Europe,Switzerland,2021,"13,539",,
Central/East Europe,Belarus,2021,,,
Central/East Europe,Bulgaria,2021,,,
Central/East Europe,Czech Republic,2021,,,
Central/East Europe,Estonia,2021,,,
Central/East Europe,Hungary,2021,,,
Central/East Europe,Kazakhstan,2021,,,
Central/East Europe,Kyrgyzstan,2021,,,
Central/East Europe,Latvia,2021,,,
Central/East Europe,Lithuania,2021,,,
Central/East Europe,Poland,2021,,,
Central/East Europe,Romania,2021,,,
Central/East Europe,Russia,2021,"31,565",,
Central/East Europe,Slovakia,2021,,,
Central/East Europe,Ukraine,2021,,,
Central/East Europe,Uzbekistan,2021,,,
South/Medit Europe,Croatia,2021,,,
South/Medit Europe,Cyprus,2021,,,
South/Medit Europe,Greece,2021,,,
Middle East,Israel,2021,"14,549",,
South/Medit Europe,Italy,2021,"6,818",,
South/Medit Europe,Portugal,2021,,,
South/Medit Europe,Serbia,2021,,,
South/Medit Europe,Slovenia,2021,,,
South/Medit Europe,Spain,2021,"4,065",,
South/Medit Europe,Turkey,2021,,,
Europe,East  Europe,2021,"28,409",,
Europe,Other Europe,2021,"9,026",,
America,Canada,2021,"7,238",,
America,Mexico,2021,,,
America,USA,2021,"43,444",,
America,Argentina,2021,344,,
America,Brazil,2021,"1,671",,
America,Chile,2021,,,
America,Colombia,2021,,,
America,Peru,2021,,,
America,Uruguay,2021,,,
America,Other America,2021,"1,483",,
Africa,Morocco,2021,,,
Africa,South Africa,2021,"1,164",,
Africa,Ethiopia,2021,,,
Africa,Kenya,2021,,,
Africa,Mauritius,2021,,,
Africa,Other Afirca,2021,"2,605",,
ASEAN,Brunei,2022,"5,796",,
ASEAN,Cambodia,2022,"466,917",,
ASEAN,Indonesia,2022,"230,337",,
ASEAN,Laos,2022,"486,382",,
ASEAN,Malaysia,2022,"1,950,062",,
ASEAN,Myanmar,2022,"208,014",,
ASEAN,Philippines,2022,"169,382",,
ASEAN,Singapore,2022,"610,828",,
ASEAN,Vietnam,2022,"458,183",,
East Asia,China,2022,"258,662",,
East Asia,Hong Kong,2022,"158,987",,
East Asia,Japan,2022,"287,955",,
East Asia,North Korea,2022,,,
East Asia,South Korea,2022,"535,122",,
East Asia,Macao,2022,,,
East Asia,Mongolia,2022,,,
East Asia,Taiwan,2022,"90,149",,
East Asia,Other East Asia,2022,"12,480",,
South Asia,Bangladesh,2022,"78,866",,
South Asia,Bhutan,2022,,,
South Asia,India,2022,"981,995",,
South Asia,Iran,2022,,,
South Asia,Maldives,2022,,,
South Asia,Nepal,2022,"12,918",,
South Asia,Pakistan,2022,"48,357",,
South Asia,Sri  Lanka,2022,"13,149",,
South Asia,Other South Asia,2022,"26,019",,
Asia,Other in Asia,2022,,,
Oceania,Australia,2022,"331,484",,
Oceania,New  Zealand,2022,"34,672",,
Oceania,Other Oceania,2022,"2,542",,
Middle East,Bahrain,2022,,,
Middle East,Egypt,2022,"9,629",,
Middle East,Iraq,2022,,,
Middle East,Jordan,2022,,,
Middle East,Kuwait,2022,"44,698",,
Middle East,Lebanon,2022,,,
Middle East,Oman,2022,,,
Middle East,Qatar,2022,,,
Middle East,Saudi  Arabia,2022,"94,676",,
Middle East,U.A.E.,2022,"66,003",,
Middle East,Yemen,2022,,,
Middle East,Other Middle East,2022,"106,031",,
North Europe,Denmark,2022,"63,001",,
North Europe,Finland,2022,"37,923",,
North Europe,Iceland,2022,,,
North Europe,Ireland,2022,,,
North Europe,Norway,2022,"45,473",,
North Europe,Sweden,2022,"94,055",,
North Europe,United  Kingdom,2022,"432,245",,
West Europe,Austria,2022,"41,642",,
West Europe,Belgium,2022,"46,942",,
West Europe,France,2022,"260,283",,
West Europe,Germany,2022,"356,667",,
West Europe,Luxembourg,2022,,,
West Europe,Netherlands,2022,"113,311",,
West Europe,Switzerland,2022,"79,586",,
Central/East Europe,Belarus,2022,,,
Central/East Europe,Bulgaria,2022,,,
Central/East Europe,Czech Republic,2022,,,
Central/East Europe,Estonia,2022,,,
Central/East Europe,Hungary,2022,,,
Central/East Europe,Kazakhstan,2022,,,
Central/East Europe,Kyrgyzstan,2022,,,
Central/East Europe,Latvia,2022,,,
Central/East Europe,Lithuania,2022,,,
Central/East Europe,Poland,2022,,,
Central/East Europe,Romania,2022,,,
Central/East Europe,Russia,2022,"427,037",,
Central/East Europe,Slovakia,2022,,,
Central/East Europe,Ukraine,2022,,,
Central/East Europe,Uzbekistan,2022,,,
South/Medit Europe,Croatia,2022,,,
South/Medit Europe,Cyprus,2022,,,
South/Medit Europe,Greece,2022,,,
Middle East,Israel,2022,"145,490",,
South/Medit Europe,Italy,2022,"82,701",,
South/Medit Europe,Portugal,2022,,,
South/Medit Europe,Serbia,2022,,,
South/Medit Europe,Slovenia,2022,,,
South/Medit Europe,Spain,2022,"86,077",,
South/Medit Europe,Turkey,2022,,,
Europe,East  Europe,2022,"222,106",,
Europe,Other Europe,2022,"100,628",,
America,Canada,2022,"87,170",,
America,Mexico,2022,,,
America,USA,2022,"438,011",,
America,Argentina,2022,"7,549",,
America,Brazil,2022,"24,598",,
America,Chile,2022,,,
America,Colombia,2022,,,
America,Peru,2022,,,
America,Uruguay,2022,,,
America,Other America,2022,"28,720",,
Africa,Morocco,2022,,,
Africa,South Africa,2022,"32,071",,
Africa,Ethiopia,2022,,,
Africa,Kenya,2022,,,
Africa,Mauritius,2022,,,
Africa,Other Afirca,2022,"31,645",,
ASEAN,Brunei,2023,"14,134",,
ASEAN,Cambodia,2023,"583,708",,
ASEAN,Indonesia,2023,"762,118",,
ASEAN,Laos,2023,"919,401",,
ASEAN,Malaysia,2023,"4,626,422",,
ASEAN,Myanmar,2023,"394,134",,
ASEAN,Philippines,2023,"461,251",,
ASEAN,Singapore,2023,"1,027,424",,
ASEAN,Vietnam,2023,"1,033,688",,
East Asia,China,2023,"3,521,095",,
East Asia,Hong Kong,2023,"802,368",,
East Asia,Japan,2023,"805,768",,
East Asia,North Korea,2023,5,,
East Asia,South Korea,2023,"1,660,042",,
East Asia,Macao,2023,"40,892",,
East Asia,Mongolia,2023,"22,886",,
East Asia,Taiwan,2023,"724,594",,
East Asia,Other East Asia,2023,,,
South Asia,Bangladesh,2023,"140,657",,
South Asia,Bhutan,2023,"20,356",,
South Asia,India,2023,"1,628,542",,
South Asia,Iran,2023,"51,576",,
South Asia,Maldives,2023,"25,585",,
South Asia,Nepal,2023,"32,052",,
South Asia,Pakistan,2023,"66,129",,
South Asia,Sri  Lanka,2023,"33,893",,
South Asia,Other South Asia,2023,,,
Asia,Other in Asia,2023,859,,
Oceania,Australia,2023,"687,745",,
Oceania,New  Zealand,2023,"85,897",,
Oceania,Other Oceania,2023,"4,537",,
Middle East,Bahrain,2023,"26,071",,
Middle East,Egypt,2023,"14,930",,
Middle East,Iraq,2023,"3,960",,
Middle East,Jordan,2023,"11,023",,
Middle East,Kuwait,2023,"79,255",,
Middle East,Lebanon,2023,"3,617",,
Middle East,Oman,2023,"86,488",,
Middle East,Qatar,2023,"43,162",,
Middle East,Saudi  Arabia,2023,"178,113",,
Middle East,U.A.E.,2023,"138,934",,
Middle East,Yemen,2023,"8,460",,
Middle East,Other Middle East,2023,"6,486",,
North Europe,Denmark,2023,"115,224",,
North Europe,Finland,2023,"76,193",,
North Europe,Iceland,2023,"4,167",,
North Europe,Ireland,2023,"67,638",,
North Europe,Norway,2023,"83,952",,
North Europe,Sweden,2023,"178,259",,
North Europe,United  Kingdom,2023,"817,220",,
West Europe,Austria,2023,"88,706",,
West Europe,Belgium,2023,"85,512",,
West Europe,France,2023,"545,003",,
West Europe,Germany,2023,"729,163",,
West Europe,Luxembourg,2023,"4,588",,
West Europe,Netherlands,2023,"229,539",,
West Europe,Switzerland,2023,"156,337",,
Central/East Europe,Belarus,2023,"9,062",,
Central/East Europe,Bulgaria,2023,"12,709",,
Central/East Europe,Czech Republic,2023,"48,940",,
Central/East Europe,Estonia,2023,"14,900",,
Central/East Europe,Hungary,2023,"27,906",,
Central/East Europe,Kazakhstan,2023,"172,489",,
Central/East Europe,Kyrgyzstan,2023,"4,726",,
Central/East Europe,Latvia,2023,"9,137",,
Central/East Europe,Lithuania,2023,"18,675",,
Central/East Europe,Poland,2023,"121,700",,
Central/East Europe,Romania,2023,"36,150",,
Central/East Europe,Russia,2023,"1,482,611",,
Central/East Europe,Slovakia,2023,"21,303",,
Central/East Europe,Ukraine,2023,"36,426",,
Central/East Europe,Uzbekistan,2023,"34,151",,
South/Medit Europe,Croatia,2023,"6,370",,
South/Medit Europe,Cyprus,2023,"2,893",,
South/Medit Europe,Greece,2023,"16,562",,
Middle East,Israel,2023,"217,084",,
South/Medit Europe,Italy,2023,"191,983",,
South/Medit Europe,Portugal,2023,"41,101",,
South/Medit Europe,Serbia,2023,"7,255",,
South/Medit Europe,Slovenia,2023,"9,828",,
South/Medit Europe,Spain,2023,"153,458",,
South/Medit Europe,Turkey,2023,"69,108",,
Europe,Other Europe,2023,"14,203",,
Europe,East  Europe,2023,,,
America,Canada,2023,"214,264",,
America,Mexico,2023,"32,195",,
America,USA,2023,"930,206",,
America,Argentina,2023,"18,782",,
America,Brazil,2023,"50,005",,
America,Chile,2023,"13,583",,
America,Colombia,2023,"8,817",,
America,Peru,2023,"6,397",,
America,Uruguay,2023,"3,064",,
America,Other America,2023,"10,148",,
Africa,Morocco,2023,"8,899",,
Africa,South Africa,2023,"60,280",,
Africa,Ethiopia,2023,"12,845",,
Africa,Kenya,2023,"4,459",,
Africa,Mauritius,2023,"12,099",,
Africa,Other Afirca,2023,"23,485",,
ASEAN,Brunei,2024,"16,188",,
ASEAN,Cambodia,2024,"553,060",,
ASEAN,Indonesia,2024,"876,610",,
ASEAN,Laos,2024,"1,124,202",,
ASEAN,Malaysia,2024,"4,952,078",,
ASEAN,Myanmar,2024,"546,629",,
ASEAN,Philippines,2024,"598,124",,
ASEAN,Singapore,2024,"1,009,640",,
ASEAN,Vietnam,2024,"984,248",,
East Asia,China,2024,"6,733,162",,
East Asia,Hong Kong,2024,"876,076",,
East Asia,Japan,2024,"1,050,904",,
East Asia,North Korea,2024,43,,
East Asia,South Korea,2024,"1,868,945",,
East Asia,Macao,2024,"55,380",,
East Asia,Mongolia,2024,"32,345",,
East Asia,Taiwan,2024,"1,089,910",,
South Asia,Bangladesh,2024,"142,268",,
South Asia,Bhutan,2024,"21,581",,
South Asia,India,2024,"2,129,149",,
South Asia,Iran,2024,"64,962",,
South Asia,Maldives,2024,"28,436",,
South Asia,Nepal,2024,"43,765",,
South Asia,Pakistan,2024,"75,114",,
South Asia,Sri  Lanka,2024,"68,653",,
Asia,Other in Asia,2024,"1,496",,
Oceania,Australia,2024,"775,010",,
Oceania,New  Zealand,2024,"96,733",,
Oceania,Other Oceania,2024,"5,907",,
Middle East,Bahrain,2024,"33,519",,
Middle East,Egypt,2024,"16,790",,
Middle East,Iraq,2024,"5,637",,
Middle East,Jordan,2024,"18,432",,
Middle East,Kuwait,2024,"90,949",,
Middle East,Lebanon,2024,"5,828",,
Middle East,Oman,2024,"110,308",,
Middle East,Qatar,2024,"43,468",,
Middle East,Saudi  Arabia,2024,"228,032",,
Middle East,U.A.E.,2024,"169,927",,
Middle East,Yemen,2024,"10,392",,
Middle East,Other Middle East,2024,"8,927",,
North Europe,Denmark,2024,"138,278",,
North Europe,Finland,2024,"87,528",,
North Europe,Iceland,2024,"4,678",,
North Europe,Ireland,2024,"80,350",,
North Europe,Norway,2024,"109,731",,
North Europe,Sweden,2024,"212,523",,
North Europe,United  Kingdom,2024,"965,862",,
West Europe,Austria,2024,"107,074",,
West Europe,Belgium,2024,"108,046",,
West Europe,France,2024,"720,806",,
West Europe,Germany,2024,"873,364",,
West Europe,Luxembourg,2024,"5,898",,
West Europe,Netherlands,2024,"261,467",,
West Europe,Switzerland,2024,"184,046",,
Central/East Europe,Belarus,2024,"20,564",,
Central/East Europe,Bulgaria,2024,"17,259",,
Central/East Europe,Czech Republic,2024,"59,615",,
Central/East Europe,Estonia,2024,"17,293",,
Central/East Europe,Hungary,2024,"36,945",,
Central/East Europe,Kazakhstan,2024,"195,089",,
Central/East Europe,Kyrgyzstan,2024,"12,007",,
Central/East Europe,Latvia,2024,"11,369",,
Central/East Europe,Lithuania,2024,"23,481",,
Central/East Europe,Poland,2024,"180,722",,
Central/East Europe,Romania,2024,"45,097",,
Central/East Europe,Russia,2024,"1,745,327",,
Central/East Europe,Slovakia,2024,"28,909",,
Central/East Europe,Ukraine,2024,"44,956",,
Central/East Europe,Uzbekistan,2024,"45,346",,
South/Medit Europe,Croatia,2024,"9,956",,
South/Medit Europe,Cyprus,2024,"3,942",,
South/Medit Europe,Greece,2024,"20,637",,
Middle East,Israel,2024,"281,803",,
South/Medit Europe,Italy,2024,"267,474",,
South/Medit Europe,Portugal,2024,"54,793",,
South/Medit Europe,Serbia,2024,"9,727",,
South/Medit Europe,Slovenia,2024,"12,126",,
South/Medit Europe,Spain,2024,"207,710",,
South/Medit Europe,Turkey,2024,"103,692",,
Europe,Other Europe,2024,"23,332",,
America,Canada,2024,"251,336",,
America,Mexico,2024,"43,813",,
America,USA,2024,"1,030,733",,
America,Argentina,2024,"23,474",,
America,Brazil,2024,"63,243",,
America,Chile,2024,"17,178",,
America,Colombia,2024,"17,015",,
America,Peru,2024,"8,344",,
America,Uruguay,2024,"3,067",,
America,Other America,2024,"18,875",,
Africa,Morocco,2024,"19,996",,
Africa,South Africa,2024,"67,928",,
Africa,Ethiopia,2024,"18,245",,
Africa,Kenya,2024,"7,075",,
Africa,Mauritius,2024,"17,774",,
Africa,Other Afirca,2024,"35,969",,
